{
  "project_info": {
    "project_id": "feature3-522a5",
    "project_number": "906312327690",
    "name": "Feature3"
  },
  "client": [
    {
      "client_info": {
        "mobilesdk_app_id": "1:906312327690:android:fae4f0fc7cc97cd7",
        "client_id": "android:com.example.shobhana.Feature3",
        "client_type": 1,
        "android_client_info": {
          "package_name": "com.example.shobhana.feature3",
          "certificate_hash": []
        }
      },
      "oauth_client": [],
      "api_key": [],
      "services": {
        "analytics_service": {
          "status": 1
        },
        "cloud_messaging_service": {
          "status": 2,
          "apns_config": []
        },
        "appinvite_service": {
          "status": 1,
          "other_platform_oauth_client": []
        },
        "google_signin_service": {
          "status": 1
        },
        "ads_service": {
          "status": 1
        }
      }
    }
  ],
  "client_info": [],
  "ARTIFACT_VERSION": "1"
}